{"mean_": [163.4614814174681, 153.2772124434238, 0.9534504451763327, 22.856387269669177, 0.13995719587437214, 116.86196872440024, 0.7128832007027726, 129.28800927017917, 0.7912378645888408, 165.44265574476796, 1.0118860246320196, 57.24424250543538, 5.20043465105715, 0.9028565793270732, 0.17733507532937987, 33.44307218176463, 33.68895190065958, 11.349721409405618, 11.297848099416456, 41.09192239636975, 0.25071601887742384, 1.0507457509668825, 3.4311201392723696, 0.8795164591307232, 0.12870667018115892, 45.618981472166276, 46.50183675320843, 1.0102661776220747, 0.28221586962687883, 0.29702464885101093, 64.20405318663886, 28.15299329688167, 2.38724917742778, 0.39014773621814713, 1.382617518545878, 1.8786885245901639, 0.473224043715847, 29.963934426229507, 0.526775956284153, 0.921311475409836, 92.5214098529086], "scale_": [115.49740603208888, 107.19305829464561, 0.19994953794521872, 16.691020593990434, 0.022740653490439112, 83.57385966353507, 0.039466674490872315, 92.61484675046427, 0.03808309221633525, 116.87102206867674, 0.012852948187851135, 13.738101425043626, 0.7645497942956527, 0.06176597257627616, 0.029812574977343957, 24.44201596256447, 25.5238195414451, 8.813835107592194, 8.925508995583598, 30.542862445863193, 0.02207238838778494, 0.40600766297964785, 2.649109771828739, 3.0775421422511546, 0.13953394569764707, 31.52349730152052, 34.18171464528774, 0.2807459288065485, 0.02522509239512056, 0.038300896641389484, 46.691087969313635, 21.71973704337736, 0.7004357051148123, 0.06207236160850883, 0.18180368029698526, 0.376254805868777, 0.49928253340675716, 4.663989454859891, 0.49928253340675716, 0.9963509521865015, 12.028665033678987], "var_": [13339.6508001412, 11490.351746559292, 0.039979817724506456, 278.5901684690128, 0.0005171373211722205, 6984.590019060254, 0.0015576183953684717, 8577.509838611983, 0.0014503219127578943, 13658.835799377126, 0.0001651982771195858, 188.7354307647857, 0.5845363879575248, 0.003815035368293299, 0.0008887896267797551, 597.4121443142562, 651.4653639842547, 77.68368930382469, 79.66471083024373, 932.8664463869201, 0.0004871903291412236, 0.16484222239819532, 7.017782583198512, 9.471265637331827, 0.01946972200195392, 993.7308821189715, 1168.3896160918785, 0.07881827654145158, 0.0006363052863423691, 0.0014669586835344005, 2180.0576957581843, 471.74697723345867, 0.49061017699968434, 0.0038529780756574815, 0.03305257816952843, 0.1415676789393511, 0.24928304816506955, 21.752797635044264, 0.24928304816506955, 0.9927152199229482, 144.6887824924515], "n_features_in_": 41, "n_samples_seen_": 915}